nuclide,"(n,gamma)","(n,2n)","(n,p)","(n,a)","(n,3n)","(n,4n)",fission
U234,22.124461498156162,0.0007573501889124179,0.0,0.0,4.063655441791021e-07,0.0,0.49802919003739715
U235,10.517693687231839,0.004255708335972441,0.0,0.0,3.062280402127273e-06,6.14947772529504e-10,48.59918907152443
U238,0.8678340697870758,0.00538483852819145,0.0,0.0,2.5583887771202802e-05,3.037637459113384e-09,0.10632876420090043
U236,8.794638968338099,0.0022802355111862247,0.0,0.0,9.229743487024748e-06,8.382025001850755e-11,0.3228478627865355
O16,7.507885020641647e-05,1.1300307634472474e-09,9.85908367886073e-06,0.00279185185296238,0.0,0.0,0.0
O17,0.0004089418016522194,1.4274874085476699e-05,4.707934075632837e-06,0.05942567475690348,0.0,0.0,0.0
H1,0.028664010047951723,0.0,0.0,0.0,0.0,0.0,0.0
H2,4.669166872722248e-05,0.0018598944552835907,0.0,0.0,0.0,0.0,0.0
H3,0.0,4.932605632179431e-05,0.0,0.0,0.0,0.0,0.0
He3,3.874722731439879e-05,0.0,458.6502232068187,0.0,0.0,0.0,0.0
He4,0.0,0.0,0.0,0.0,0.0,0.0,0.0
Li6,0.0033282181559562626,0.0,0.0013879281647796286,0.0,0.0,0.0,0.0
Li7,0.003922945742019626,1.3943434043973133e-05,0.0,0.0,0.0,0.0,0.0
Be9,0.0008673331205074183,0.039095997962150415,9.739236194255354e-09,0.012760743232557095,0.0,0.0,0.0
B10,0.04309325569894965,0.0,0.003582512740607909,331.69856674027506,0.0,0.0,0.0
B11,0.0004872207406022421,9.473248784715483e-07,3.30946563897314e-07,1.7662690631947096e-05,0.0,0.0,0.0
N14,0.0064838551561592584,4.1577950028642474e-07,0.17403794089967728,0.03010726837367947,0.0,0.0,0.0
N15,1.1774015707388194e-05,6.833978278007544e-06,4.0068280748348555e-06,2.0903299550771164e-05,0.0,0.0,0.0
F19,0.0014046452247253362,3.119517479117663e-06,0.0003994892757753902,0.00514307121558802,0.0,0.0,0.0
Na22,22.19979140073539,2.11116090164e-06,2538.180049083712,2.6306072811589707,0.0,0.0,0.0
Na23,0.048366323736825444,1.8963233137346231e-06,0.0005210764695517846,0.00022797845092508543,0.0,0.0,0.0
Mg24,0.0048774414996932075,3.6313285342630496e-08,0.0005762925226588264,0.0018734642403158018,0.0,0.0,0.0
Mg25,0.017135437408500303,0.0003200606859938117,0.0005817239977235496,0.005649535287303898,0.0,0.0,0.0
Mg26,0.0034888775724161683,2.577607980370673e-05,6.850779599352314e-06,6.103960052386914e-05,0.0,0.0,0.0
Al27,0.021297264699322468,8.085525398378795e-07,0.0013498621930759698,0.0002531450291275673,0.0,0.0,0.0
Si28,0.015153742073230435,1.6726997493148917e-09,0.0024876206691424717,0.0011119248042694037,0.0,0.0,0.0
Si29,0.011565136173877376,4.1300332144684736e-05,0.001328286482077443,0.0021066647279753205,0.0,0.0,0.0
Si30,0.02872987823112848,3.446702829436939e-05,8.46845784490292e-06,4.314591661848093e-05,0.0,0.0,0.0
P31,0.017541715892635947,7.981885663874235e-07,0.011435429024086311,0.0007133527263631203,0.0,0.0,0.0
S32,0.04637839088070757,3.123216154681109e-09,0.023444323121230324,0.03168470294095624,0.0,0.0,0.0
S33,0.030546443843749806,7.075263853619994e-05,0.021677413719923204,0.17535992962761826,0.0,0.0,0.0
S34,0.019410873132930995,1.5942997087066562e-05,0.00028119917222992963,0.0011643392483144733,0.0,0.0,0.0
S36,0.015496326513308472,9.268640869190791e-05,1.8361576394505682e-07,1.8995675445007217e-05,0.0,0.0,0.0
Cl35,3.710923424245872,2.7721998176038447e-07,0.08588658937577104,0.006830204201841913,0.0,0.0,0.0
Cl37,0.03793161667084703,4.3717794894419156e-05,6.219733471547876e-05,0.00013675766344244236,8.848706893792031e-12,0.0,0.0
Ar36,0.4398714707080303,1.5121460422583597e-08,0.05167651864380679,0.029601225469600412,0.0,0.0,0.0
Ar38,0.0703327112845045,1.4857443802347474e-05,0.0004304080219559141,0.0021208115555493155,0.0,0.0,0.0
Ar40,0.05731268633447273,0.00011723329417398662,7.068554501948084e-06,7.128121728055173e-05,3.268450234989777e-08,0.0,0.0
K39,0.1854605335938554,2.3660364775328385e-07,0.03865621110269027,0.01427059776671647,0.0,0.0,0.0
K40,2.5886151203986123,0.00019212456009856115,0.351473227615601,0.10318366664894868,0.0,0.0,0.0
K41,0.13741099828612102,4.685502805481873e-06,0.0006887377505164241,0.0003210317404256055,0.0,0.0,0.0
Ca40,0.03687135522423063,3.871150357208161e-09,0.036541961892601296,0.0135277245338488,0.0,0.0,0.0
Ca42,0.06260240809436242,1.523037349385907e-05,0.001250676776248676,0.0008426948619681216,0.0,0.0,0.0
Ca43,1.0273905896428053,0.00022158072447530237,0.001081048051700369,0.0010126163187641716,0.0,0.0,0.0
Ca44,0.07815475219314741,3.6453610627005684e-05,2.8535732989016865e-05,1.4471571702181614e-05,1.0701865376484094e-11,0.0,0.0
Ca46,0.06433194364635958,8.966993211370462e-05,1.0789226744291594e-06,7.341171487040792e-08,1.7784126306299578e-09,0.0,0.0
Ca48,0.09412368606760761,0.00014222862988490264,9.922558838221702e-09,1.7558109831805719e-09,1.0389875854211322e-08,0.0,0.0
Sc45,2.3443411604544946,1.6061928533548645e-05,0.008385483412421953,0.00015646168073998835,0.0,0.0,0.0
Ti46,0.05635860798968874,1.7451131847291844e-06,0.003648808081808532,0.00047252533510979463,0.0,0.0,0.0
Ti47,0.16551764145081135,0.00012049140788576018,0.006607361737146781,0.003155547342971993,0.0,0.0,0.0
Ti48,0.7206128556410082,2.330953811675823e-05,0.0001251185874087974,2.2304228286070774e-05,0.0,0.0,0.0
Ti49,0.16521505530964206,0.00019417348328670857,0.00038357671443663453,4.824173128276889e-05,0.0,0.0,0.0
Ti50,0.016027226695939364,5.6794402781059996e-05,3.1723927627982376e-06,3.38328078013086e-06,2.537994262930221e-11,0.0,0.0
V50,5.024985334350202,0.00010448255794269498,0.0032039513189248336,6.645422932904624e-05,0.0,0.0,0.0
V51,0.4379394461687162,3.831032591522258e-05,0.0001887644967977373,9.010683567028895e-06,0.0,0.0,0.0
Cr50,1.3428676129523978,8.674779379439429e-07,0.01725496230447901,0.0012418060770034043,0.0,0.0,0.0
Cr52,0.07828549990962025,1.5025979493829946e-05,0.000364846725408675,4.3316638008455125e-05,0.0,0.0,0.0
Cr53,1.5725714554706984,0.0003518836185564362,0.00014059620887103868,0.0002969810628678999,0.0,0.0,0.0
Cr54,0.037237143388383166,0.0001519199117008767,3.002531244835641e-06,1.7091476635754245e-05,0.0,0.0,0.0
Mn55,1.3905546837383618,7.942034029279718e-05,8.964398150544034e-05,1.4807914173778114e-05,6.767186957366378e-12,0.0,0.0
Fe54,0.2030182660005987,5.323912292312884e-07,0.027281766990619138,0.0003166965480801818,0.0,0.0,0.0
Fe56,0.23112616822546914,2.752814509381585e-05,0.00036273902575404776,0.00015332996448296404,0.0,0.0,0.0
Fe57,0.2235069758441316,0.0005281646842579696,0.00025504335518567817,0.00035600146123773344,0.0,0.0,0.0
Fe58,0.1327954558748225,0.0001216569049568971,3.3778014250660636e-06,2.2564260462636186e-05,0.0,0.0,0.0
Co58,315.48010178189,0.00024065599277922097,4.067908398917469,0.001901476612583588,0.0,0.0,0.0
Co58_m1,11866.463777402949,0.0002774219581372575,4213.123408638236,0.0019929364188272488,0.0,0.0,0.0
Co59,5.036814097306331,6.895600216669141e-05,0.0004882795789700915,5.411169548659139e-05,0.0,0.0,0.0
Ni58,0.37183812776174197,1.38334448092055e-06,0.03603851844172525,0.0021019639656604324,0.0,0.0,0.0
Ni59,9.715584359178264,8.911149371751565e-05,0.25667227701617246,1.6222737489517007,0.0,0.0,0.0
Ni60,0.21596210172965793,2.0927983765569174e-05,0.0006814248913379061,0.0005875555441175763,0.0,0.0,0.0
Ni61,0.2653966630528964,0.000331306003112701,0.0010557584036244938,0.0008615093774134538,0.0,0.0,0.0
Ni62,1.307349294092166,7.406498588294288e-05,1.2253305692243236e-05,1.8039497122077682e-05,0.0,0.0,0.0
Ni64,0.1348913423407952,0.00018460015157712465,3.7359962504021096e-07,3.815431073902891e-06,0.0,0.0,0.0
Cu63,0.484845209021672,3.331779715795719e-05,0.006871215734887383,0.00018300398935746203,0.0,0.0,0.0
Cu65,0.2304742438312172,0.00011829519148932,0.00019340261967345262,4.657405930628507e-06,0.0,0.0,0.0
Zn64,0.1106991452751663,6.273219508342984e-06,0.011953494924256056,0.006199209498550708,0.0,0.0,0.0
Zn65,6.292950563401101,0.00035011531252430246,0.20402198871358135,0.4313886210819724,0.0,0.0,0.0
Zn66,0.08072550515002191,4.8504639689271065e-05,0.00039244202178308706,0.00046062570746751094,3.169231511390477e-11,0.0,0.0
Zn67,1.3346091518395953,0.0009036084756721472,0.0003209310155065876,0.0010314185456669553,2.561654610506904e-09,0.0,0.0
Zn68,0.17947948716910922,0.00011895060649455078,1.4547617963192536e-05,2.807361661355359e-05,9.462325777839818e-09,0.0,0.0
Zn70,0.011424412161195403,0.0002508360673251326,1.0904922342419314e-06,3.6734086688672583e-06,1.0543259228000473e-07,0.0,0.0
Ga69,0.6474257455480442,7.455223806695135e-05,0.0008829783728320829,0.00015077138046310794,0.0,0.0,0.0
Ga71,1.3782919628341321,0.0001305043512154893,2.197010596947737e-05,4.803659993409669e-06,1.7011551048118846e-08,0.0,0.0
Ge70,0.31392012105578115,2.8366570461649004e-05,0.0009557858618712438,0.0011925374603977078,0.0,0.0,0.0
Ge72,0.10020328323852305,7.67443284345468e-05,5.711355264693429e-05,3.2752116977728205e-05,1.3867466863272204e-09,0.0,0.0
Ge73,2.737807797100587,0.0007965391440937688,3.0073368049797373e-05,4.1728586203282765e-05,1.3509067970390827e-08,0.0,0.0
Ge74,0.06298656177121559,0.0001361269587223447,3.280897741409319e-06,2.0244620884643002e-06,1.662877660517353e-08,0.0,0.0
Ge76,0.05708553584761157,0.0002614232859466885,4.209400559951882e-07,6.232061126273514e-08,1.1616902957384428e-07,0.0,0.0
As74,8.11158882029858,0.0006948835183381921,0.027060950735592712,0.0005308461849769619,1.8424248820025853e-10,0.0,0.0
As75,2.318867393675036,0.00010900382269335661,0.0001605549293929803,1.0300686571244196e-05,2.640462964960491e-09,0.0,0.0
Se74,20.58420927964659,1.5131857635125964e-05,0.0059829463785096015,0.0014490981276836152,0.0,0.0,0.0
Se76,7.441531244305426,6.342750865167217e-05,0.00021281696682350293,8.844158080644592e-05,1.7709818064466013e-10,0.0,0.0
Se77,4.070445013207992,0.0014082253353559849,0.00029701720232397697,0.00023857256920300463,4.122312817843591e-09,0.0,0.0
Se78,0.19656628978555818,0.00011591277440451748,7.61937559933096e-06,5.940146251835339e-06,2.6504239393277186e-08,0.0,0.0
Se79,5.509283169351664,0.0023579483099380933,9.209497869130233e-06,2.666924803888718e-05,4.2905715855485845e-08,0.0,0.0
Se80,0.08123149431877019,0.0002179336914234559,2.027499059002699e-06,3.7981011056228583e-06,1.3434383788268334e-07,0.0,0.0
Se82,0.014532221456895844,0.0003275448075852159,1.744967649673329e-07,2.117804719381222e-08,4.4015194287132944e-07,0.0,0.0
Br79,4.268028345522164,8.660239580527707e-05,0.0015025992454862636,1.9032885659163463e-05,1.2282943385913677e-09,0.0,0.0
Br81,1.8240734883245802,0.0001543708356353968,7.825342775656743e-05,1.284886565502144e-06,1.800139660272132e-08,0.0,0.0
Kr78,1.326855534715765,1.0318159168201689e-05,0.008677867341587832,0.00029131590508943986,0.0,0.0,0.0
Kr80,2.6593758120524247,4.7288858507476696e-05,0.00041359871778284905,6.484143731107217e-05,0.0,0.0,0.0
Kr82,5.796930800626005,8.204212295152469e-05,3.134526447415321e-05,7.982167485597161e-06,1.5690747539782192e-09,0.0,0.0
Kr83,19.91066727527418,0.0010601032292053797,4.116149766798893e-05,2.0684925753770076e-06,3.44422270964775e-10,0.0,0.0
Kr84,0.06404142087741423,0.0001078560493085468,2.894875589020019e-06,5.511998715513929e-07,1.7404300272441402e-08,0.0,0.0
Kr85,0.22743508484265937,0.0005251794166419991,2.2486510129370454e-06,5.093295384788019e-07,8.68704783536824e-09,0.0,0.0
Kr86,0.0012431916650112237,0.0001780255739418869,5.351123909732737e-07,1.0262685703158215e-07,6.382977915933815e-08,0.0,0.0
Rb85,0.3141206332646169,0.00010880992200310006,0.00013970240619913424,1.7716358613806023e-06,4.5958167983316754e-11,0.0,0.0
Rb86,1.339057418592316,0.00033190655184756816,0.00011144128092692592,2.7213515942483097e-06,2.625309460679346e-11,0.0,0.0
Rb87,0.09633239252367863,0.00020474085299250933,2.9454782925677476e-06,3.7274092361019e-07,3.6397373199359156e-09,0.0,0.0
Sr84,0.4744362332781926,2.594339123988759e-05,0.001293157284410554,3.4100472225333776e-05,0.0,0.0,0.0
Sr86,0.2481510450340684,5.650602669693591e-05,0.0001993913064089175,2.416655052441922e-06,0.0,0.0,0.0
Sr87,4.30200794838728,0.0006461639480449362,0.00020352226480592237,9.901981581720736e-06,0.0,0.0,0.0
Sr88,0.0030705480600132762,6.38296394328761e-05,2.7963335192819933e-06,2.0387534441080086e-07,6.297820264455498e-14,0.0,0.0
Sr89,0.0452439307134674,0.00286687803425185,1.3074146408531038e-06,1.3467688706365464e-06,3.789561562584051e-08,0.0,0.0
Sr90,0.006216432699190058,0.0011918125795765623,4.446033881877904e-07,2.8334553662450756e-07,2.0808560269764484e-06,0.0,0.0
Y89,0.12219460080550053,5.6260901609496616e-05,9.479952616622832e-05,1.1166096904171023e-06,0.0,0.0,0.0
Y90,0.3227949917395539,0.001280796941845661,2.0569043090218438e-05,8.951890268058087e-06,3.0362476897877053e-09,0.0,0.0
Y91,0.20248068982323705,0.0009875549145549288,3.779939922710641e-06,1.1931335162670632e-06,1.1714210357640649e-06,0.0,0.0
Zr90,0.008846301160827639,3.4396492885377526e-05,0.00010863582212137313,6.826680481411722e-06,0.0,0.0,0.0
Zr91,0.25441151828372327,0.0008546894269651293,6.320226589069886e-05,0.00015369128030779267,0.0,0.0,0.0
Zr92,0.04560637585422618,0.0005335827462255289,7.26884411974062e-06,1.5769856556459537e-05,1.1325499645955605e-07,0.0,0.0
Zr93,0.6099898966316513,0.0014197136894123215,2.028950206988219e-06,1.127661481336368e-05,3.8157359757192556e-07,0.0,0.0
Zr94,0.018686420473618015,0.0008491018184699631,6.819337046938128e-07,1.0619567911780696e-06,4.768946895224709e-07,0.0,0.0
Zr95,0.3470023679788171,0.002249442749810234,3.0298424504235506e-07,8.876201526356474e-07,1.1352271141244239e-06,0.0,0.0
Zr96,0.16354919100915513,0.0011872903058016398,4.674195036735606e-08,1.0342050880749234e-07,1.0373400537937445e-06,0.0,0.0
Nb93,0.4200157557004445,0.00046031879141155254,8.730029780035643e-05,3.669957935040454e-05,9.325971261830191e-08,0.0,0.0
Nb94,4.433437309379128,0.0018425841906673608,0.00012464899588314802,3.31649485021581e-05,3.446695908997247e-07,0.0,0.0
Nb95,1.790664391658551,0.0007127191079985192,1.9344721554612866e-05,7.586825464604828e-06,6.007117788133427e-07,0.0,0.0
Mo92,0.049645126054043295,8.40395288971953e-06,0.0037497950087066654,5.1375166491278455e-05,0.0,0.0,0.0
Mo94,0.09120118649692308,0.0002150557023719693,0.00011412508531447115,0.00031368135686027533,7.250955471460063e-09,0.0,0.0
Mo95,4.118553306017941,0.0008666727453537943,1.911330765746153e-05,0.00018000590954987393,2.590222626820149e-08,0.0,0.0
Mo96,0.604491346942508,0.0003748488495097964,8.717770920345224e-06,2.96993143491955e-05,8.536102431214398e-08,0.0,0.0
Mo97,0.7381587161494333,0.0015107344658288043,5.592943119964525e-06,3.13946513106648e-05,3.1107398039095793e-07,0.0,0.0
Mo98,0.23242053424481424,0.0006013474288715103,7.219817505045782e-07,3.1718230125230826e-06,3.608741446782759e-07,0.0,0.0
Mo99,1.8409581479949424,0.006854769285374825,1.0231543521671798e-06,2.37289980567673e-06,2.239443810632924e-06,0.0,0.0
Mo100,0.15155898917012156,0.0007490801100523308,1.633555536423688e-07,5.719622635580075e-07,1.1846848182355603e-06,0.0,0.0
Tc99,9.248031532074675,0.00038536796276494623,6.613328812312983e-06,3.5760731454197652e-06,4.3704733879530744e-07,0.0,0.0
Ru96,0.302136644834712,7.073871485161413e-05,0.0011200412787668883,0.0033077175622422254,0.0,0.0,0.0
Ru98,0.9805598949917769,0.00014031362021052504,0.00016384850511173236,0.00022221140241254802,1.823023906701612e-08,0.0,0.0
Ru99,5.411162995402052,0.0014298949311156424,0.00012366797765371823,0.00032643271607161534,4.706180624018497e-08,0.0,0.0
Ru100,0.7850507257124725,0.00032734912328446,6.627188552464966e-06,2.4270070632042834e-05,1.5941948830517208e-07,0.0,0.0
Ru101,3.618493733965571,0.0016473663255779144,8.413983670958287e-06,8.21662382867751e-06,6.87854752981819e-08,0.0,0.0
Ru102,0.2837597498233728,0.0002904711569768568,9.07922836061272e-07,6.114708929971079e-06,1.4122890924013245e-07,0.0,0.0
Ru103,1.4473717836166136,0.0031276449386781987,3.972316712715045e-06,3.941928478339469e-06,2.7346452427594286e-07,0.0,0.0
Ru104,0.2569983143617654,0.000542971217162633,6.978689238402278e-07,3.5894653210366115e-07,6.648191331578717e-07,0.0,0.0
Ru105,0.269216864174518,0.004123611745243626,2.8423852671929076e-06,1.2754976712055468e-06,1.0475715604194493e-06,0.0,0.0
Ru106,0.08593784820790609,0.0009803477173022054,2.7132535757296255e-07,5.627463597421685e-08,3.478341552324366e-06,0.0,0.0
Rh103,37.469116391625725,0.00031065059729170084,4.707145071893715e-05,4.109147741788423e-06,6.118589646743616e-08,0.0,0.0
Rh105,1578.2217316773629,0.00034392900019012383,6.878354290238458e-06,1.0901483717779904e-06,3.673968324268234e-07,0.0,0.0
Pd102,0.5873907912684603,9.444911666926378e-05,0.001869206216088282,0.0003417504331910625,8.496565544439221e-11,0.0,0.0
Pd104,0.726980155807382,0.0001952405242809635,5.236460514066669e-05,3.544776967422068e-05,6.880369050260431e-09,0.0,0.0
Pd105,4.45835698183923,0.0011098426376631365,3.236911855789638e-05,1.4445903660338317e-05,3.479836094267799e-08,0.0,0.0
Pd106,0.3136921766170739,0.00033293363147310074,1.5267604488141222e-05,4.3607332052531516e-06,5.615145312440167e-08,0.0,0.0
Pd107,3.602166428932931,0.0037621703179298574,4.777955713051949e-06,3.0696672722770224e-06,5.160181545552639e-07,0.0,0.0
Pd108,7.473661215415916,0.0004938887980963925,2.7712079105293494e-06,9.495663412969629e-07,2.600066527237763e-07,0.0,0.0
Pd110,0.1307347870750047,0.0006911997137282198,6.084398920154401e-07,5.4017949870454885e-08,6.583715080499719e-07,0.0,0.0
Ag107,6.000397648337041,0.0002961472470421269,0.00016523890876805292,5.910813494621868e-06,2.7589981247812394e-08,0.0,0.0
Ag109,41.82572035289227,0.0003380706224794525,1.6212817446633553e-05,1.032126467120326e-06,9.422094616930775e-08,0.0,0.0
Ag110_m1,8.845782757205638,0.0026405848284462886,2.490654362957947e-05,1.0371912910371645e-06,6.616230383463847e-07,0.0,0.0
Ag111,3.1866655703105344,0.0005447655631962683,3.342750506916449e-06,3.67075631996387e-07,3.6309968593207043e-07,0.0,0.0
Cd106,0.33927458998029136,6.962593592636062e-05,0.0005592532371161236,0.002061799797469156,1.8208953013489478e-11,0.0,0.0
Cd108,0.6665422992941824,0.00010865739730385839,3.720476191211027e-05,8.289618421023041e-06,4.246533607209748e-09,0.0,0.0
Cd110,1.836826307058744,0.0001843284023988704,6.019967823822463e-06,1.2026392526002417e-06,3.258954087431548e-08,0.0,0.0
Cd111,2.137099714780335,0.0021800189898167383,3.2984233408376585e-05,7.32056265188148e-06,2.3739405388927254e-07,0.0,0.0
Cd112,0.5509705653506909,0.0002719487520061738,2.2394558058733824e-06,2.2579351645187597e-07,1.3124911568791866e-07,0.0,0.0
Cd113,2986.6340901899457,0.0022993901164013388,2.706003087967505e-06,9.726008370744942e-07,1.9361235441386362e-07,0.0,0.0
Cd114,0.4369595333801184,0.00035114971616127875,3.697657545642607e-07,4.762047841862047e-08,5.082274065458871e-07,0.0,0.0
Cd115_m1,0.7047084276762368,0.0025459214621103717,6.941497500980448e-07,3.6848190435430785e-07,5.839699927879227e-07,0.0,0.0
Cd116,0.07800946377885713,0.0005257351657706722,1.4034753717086308e-07,1.2178190476938513e-08,1.075053844532648e-06,0.0,0.0
In113,10.100448722960392,0.0002644021342666245,1.632464847967012e-05,1.3611970035617828e-06,1.464087070259018e-07,0.0,0.0
In115,102.54779030037132,0.00035817792988300235,2.86650119108351e-06,5.322815816192541e-07,4.6443262570942194e-07,0.0,0.0
Sn112,1.0143413190382908,0.00010463672146805188,6.412560147377644e-05,4.7754040158284654e-05,1.690047101593494e-09,0.0,0.0
Sn113,6.817578288599348,0.0004813164534597163,0.00037173004837031965,0.0003846199567404077,1.3686860762579566e-09,0.0,0.0
Sn114,0.3014167855117243,0.00014473644914826932,1.603650033158068e-05,6.381830202807137e-06,3.570202604501576e-08,0.0,0.0
Sn115,4.885616304171817,0.001217810532206575,1.7699478618337797e-05,1.0155448804133226e-05,4.506275734564723e-08,0.0,0.0
Sn116,0.4153717131512133,0.00027822137302292986,3.3693255193419074e-06,1.0060885628957147e-06,1.7078622735945252e-07,0.0,0.0
Sn117,0.633583837661246,0.002574655448449578,3.322979155267467e-06,1.280341936362948e-06,3.034185311223474e-07,0.0,0.0
Sn118,0.15652485050640033,0.00033743154400789284,7.38327485821531e-07,8.947326226496094e-08,4.4102186146087575e-07,0.0,0.0
Sn119,0.35835430685730496,0.0039156268051151475,6.829836384873367e-07,2.0044944911433305e-07,6.721190116469726e-07,0.0,0.0
Sn120,0.05568503491479811,0.00048551567444795994,3.283096071533227e-07,3.143277942576976e-08,9.436216816366659e-07,0.0,0.0
Sn122,0.035513971830803126,0.0006631059017162701,6.829837536242204e-08,6.9750234107211115e-09,1.642068670389369e-06,0.0,0.0
Sn123,2.092267098967297,0.006858241636634032,1.5404533754124863e-07,6.6351903864812125e-09,1.7444888471464053e-06,0.0,0.0
Sn124,0.2545489393782534,0.0008518228497674802,1.0248894847548382e-07,1.4360475338308033e-09,2.440953197399261e-06,0.0,0.0
Sn125,0.3069496321250905,0.0018881243990860911,4.777558753216901e-08,3.3428209364926044e-09,1.1548540157634315e-06,0.0,0.0
Sn126,0.013428347800150568,0.0011217006315708143,8.214173539747078e-09,2.4191569683163806e-10,4.02960472599485e-06,0.0,0.0
Sb121,5.129531200890224,0.00029842421370560946,2.0605706143932434e-05,2.2083190760678082e-07,5.984301389347494e-08,0.0,0.0
Sb123,2.8204735540692476,0.0004147551961602802,7.64331380648668e-06,8.057769143164704e-08,3.090966501640612e-07,0.0,0.0
Sb124,5.436111772705569,0.00343519468752721,1.444070542335732e-06,1.9410115916390296e-07,9.757590910176125e-07,0.0,0.0
Sb125,2.0199043866110333,0.0006265518543048633,3.603865169441318e-07,1.0331894752261044e-07,1.4189145735057957e-06,0.0,0.0
Sb126,5.895831688481569,0.0014860359757163798,2.8092685720424934e-06,6.782901054917234e-08,5.329420588235752e-07,0.0,0.0
Te120,0.9171897740764722,0.00012798507544353185,6.641061446486505e-05,0.00023362655643877571,4.5939584617688016e-08,0.0,0.0
Te122,2.681956386354048,0.0002104785247540013,4.619424301049785e-06,1.75847601525407e-05,1.757773640801424e-07,0.0,0.0
Te123,181.71830211343345,0.002001252611005824,5.541317728176467e-06,5.6562111564217843e-05,2.067928818075378e-07,0.0,0.0
Te124,0.6520228083946374,0.00031819575197286555,1.7052152287034185e-06,1.8601184380891817e-06,4.754933920368992e-07,0.0,0.0
Te125,0.8329145707356624,0.003077274386508522,1.4553294480577384e-06,2.1054830142106838e-06,4.359172375150871e-07,0.0,0.0
Te126,0.2769762078651547,0.00042553386453591304,5.772971074445491e-07,5.040411484817548e-07,1.010464263937796e-06,0.0,0.0
Te127_m1,286.81795465033593,0.0034581411125425058,4.843691135804465e-07,3.4218509564451136e-07,9.659229334495649e-07,0.0,0.0
Te128,0.06494762293291814,0.0005570693629871686,2.1838909170229632e-07,8.42335698823563e-08,1.8770856353198647e-06,0.0,0.0
Te129_m1,139.00653658407725,0.00490612482150722,1.9950402194345905e-07,1.0090653970294084e-07,1.5943620770371605e-06,0.0,0.0
Te130,0.024098803454234617,0.0006997137847955526,1.6340320217098369e-06,1.154993188288964e-07,2.1804518055439263e-07,0.0,0.0
Te132,0.016868950849448762,0.00090393039812884,1.1942872102126362e-07,3.371392354285068e-08,7.201387449344418e-07,0.0,0.0
I127,4.838290726048058,0.0004047498603467425,1.6439657603166145e-05,7.278860647874119e-07,1.6379138213850923e-07,0.0,0.0
I129,3.13069478984867,0.0005928669586135173,7.712622991996643e-07,2.742114147734722e-07,7.260688119821881e-07,0.0,0.0
I130,3.847378351740511,0.0017816087240931416,5.8140469767668315e-06,5.460574185093852e-07,2.8129420994835696e-07,0.0,0.0
I131,8.140605897676366,0.000767290970900632,2.592672226664761e-07,1.1873868481393219e-07,1.2576146849294278e-06,0.0,0.0
I135,6.856787524444307,0.0009309324339341723,7.264672891151028e-08,2.927097797408891e-07,1.177302403584998e-06,0.0,0.0
Xe123,43.39942158486921,0.0005289048987567744,0.13634171755233232,0.40618287561065436,1.3286776998427547e-10,0.0,0.0
Xe124,90.67814338320832,8.46332129585114e-05,0.00047538030419112093,5.123800501035572e-05,6.477038711456857e-10,0.0,0.0
Xe126,2.239181819597892,0.0001578200879336113,2.035513183196456e-05,2.2040680868053607e-05,6.710536920319954e-08,0.0,0.0
Xe128,0.7836673479454549,0.000246093641824377,9.578510974746282e-06,3.4925201428016193e-06,2.742068037905818e-07,0.0,0.0
Xe129,8.647194097034756,0.0016657934566264496,3.2082986456268763e-06,3.5494941192396875e-06,2.636749119836735e-07,0.0,0.0
Xe130,0.5290734930685119,0.0005821362749498297,2.945003578034364e-06,2.2823198864913816e-07,9.349810343670301e-07,0.0,0.0
Xe131,30.854125991957332,0.00212927315946795,5.265830635785532e-06,1.4192221406131735e-06,3.075970483782513e-07,0.0,0.0
Xe132,0.2103453842630166,0.0003867571038281698,9.309435023865311e-07,1.2569025736573015e-07,1.8926470783271268e-07,0.0,0.0
Xe133,16.54527550532362,0.003839410416771621,4.0574354633187966e-07,1.8656646940032652e-07,7.535440202590983e-07,0.0,0.0
Xe134,0.03760206147538597,0.000527600434964446,7.540081264780931e-07,1.061424332830567e-07,2.8556118555827426e-07,0.0,0.0
Xe135,228368.88985614481,0.003708948121063187,1.4309817152767743e-07,1.5415284383590656e-07,1.137692164497657e-06,0.0,0.0
Xe136,0.023216316492496687,0.000952696995203684,2.9777725582128866e-07,7.803993297649497e-08,5.117771645254626e-07,0.0,0.0
Cs133,11.759605029275454,0.0003265489868996474,7.180420179288825e-06,9.092248276849972e-07,3.516964334730499e-07,0.0,0.0
Cs134,13.443980349762603,0.002811284924691067,2.095769310455075e-06,5.902627892102379e-07,4.7518557257254074e-07,0.0,0.0
Cs135,2.163624202710724,0.0006462450157608637,6.235947871497765e-07,2.0411805201128884e-07,7.539042633080834e-07,0.0,0.0
Cs136,2.376518635382568,0.003223885046041216,5.343534168366684e-07,1.9271993582955445e-07,7.153879100979293e-07,0.0,0.0
Cs137,0.0322541331382649,0.0009846917807646654,1.01005549669539e-07,8.650531190620794e-08,1.52429705010368e-06,0.0,0.0
Ba130,6.115245069609111,0.0001374370430200633,7.784284677474671e-05,4.338343604993481e-05,4.7231890993075854e-08,0.0,0.0
Ba132,2.1052486699688693,0.00023076994889395378,1.1425189145188773e-05,1.1395305173801931e-05,1.5242927928685292e-07,0.0,0.0
Ba133,3.468548758392824,0.0009931712662314307,5.1947605913838874e-05,7.262798397977477e-05,2.684191130031853e-08,0.0,0.0
Ba134,0.8427224254492544,0.0002809130163562822,2.9939433820126986e-06,2.8587399192822444e-06,3.666675950737782e-07,0.0,0.0
Ba135,3.466143985570385,0.0017449275405952954,2.7818339904413156e-06,3.221103413310887e-06,3.1527243306465516e-07,0.0,0.0
Ba136,0.1268637728656591,0.00041711408627390946,1.0655996879270505e-06,5.117791033965949e-07,6.222633909790466e-07,0.0,0.0
Ba137,0.38048310122385354,0.002498906257831246,7.144457530453139e-07,5.461625939238443e-07,4.1033843606251643e-07,0.0,0.0
Ba138,0.03940386222886356,0.0005141205444820125,2.4961692515013235e-07,8.119132423212618e-07,3.9596323269167125e-07,0.0,0.0
Ba140,0.5581670034938894,0.007711904738738201,3.963034171235293e-07,4.0579222020589925e-07,7.921185810159825e-05,0.0,0.0
La138,13.441609196015584,0.0015303303208245387,7.391821545973078e-06,1.5246602275748438e-06,2.023536272339248e-07,0.0,0.0
La139,1.0034495081879768,0.0004256446935968096,5.099005337384655e-07,2.641869398076767e-07,1.5153592736548465e-07,0.0,0.0
La140,2.120752833396541,0.007118621951761972,1.3197780491472528e-06,0.00017345710893154037,1.1838186117229876e-06,0.0,0.0
Ce136,2.146260148972351,0.00016534030287424208,7.577748123723506e-05,2.107047216374982e-05,3.373502243148223e-09,0.0,0.0
Ce138,0.4224764284873251,0.0002030318101801362,1.5989270167163884e-05,3.6310605272745885e-06,1.1187884221757256e-08,0.0,0.0
Ce139,39.85360698604146,0.0007656074900143523,2.2129264323401153e-05,8.002991437974088e-06,2.403400833308428e-08,0.0,0.0
Ce140,0.053953169087693965,0.00039287218254972187,7.432357779137468e-07,1.333193697508899e-06,2.8557654131636913e-07,0.0,0.0
Ce141,6.3294972838661705,0.006840927766258724,1.0844557380826724e-06,2.5986969746869342e-05,5.720631957629752e-07,0.0,0.0
Ce142,0.10110413197175203,0.0026032691872893013,3.5078632938981844e-07,2.4167802407228835e-06,6.6813663910264976e-06,0.0,0.0
Ce143,1.5163587078429919,0.007379396800744662,2.3150651027493676e-07,6.761617601009557e-06,8.597033391104185e-06,0.0,0.0
Ce144,0.15343807979798377,0.003636881209041523,1.2653112210502436e-07,5.707951945275076e-07,2.9406470484938826e-05,0.0,0.0
Pr141,1.4185671049261843,0.00022850161856096193,3.4317832218550903e-06,3.956708900638043e-06,4.096411675671541e-08,0.0,0.0
Pr142,3.9737539363187526,0.004278101840028794,6.995002676615433e-06,0.0032475190633081625,3.07983312076268e-07,0.0,0.0
Pr143,10.4770630114052,0.0022327992700749344,9.391810040535103e-07,4.9924480042582204e-06,7.569220784079516e-06,0.0,0.0
Nd142,1.5579248578706393,0.00024476535404482084,6.310729951212845e-06,6.338591180489948e-06,4.244466264058105e-08,0.0,0.0
Nd143,27.560050085237048,0.0026404430677864055,3.565145083405586e-06,0.002301439398836026,2.055550870262904e-07,0.0,0.0
Nd144,0.4125063731794777,0.0014086910890555129,1.2153863606511908e-06,1.2231940762005171e-05,1.2108173640952709e-06,0.0,0.0
Nd145,9.128875357854461,0.004440717040922386,1.0089398546006215e-06,6.444883097821703e-05,3.4060370700849545e-06,0.0,0.0
Nd146,0.21591725451885274,0.001837232168379701,3.2746368647625716e-07,2.109960697892986e-06,3.6004137221238395e-06,0.0,0.0
Nd147,46.07629647636291,0.008727505994794155,4.571895673228433e-07,2.1288717192184206e-06,9.486715852656094e-06,0.0,0.0
Nd148,0.7061942580027977,0.0022642185838415646,1.3172510991324328e-07,3.4987493838108734e-07,6.397039578912202e-06,0.0,0.0
Nd150,0.5869872449501334,0.0020700703588025764,6.495212517218774e-08,7.93539358580653e-08,9.872189592980504e-06,0.0,0.0
Pm147,62.581178401902875,0.0016178142550441227,1.3331516816345562e-06,3.850508535851873e-06,5.67835600604733e-06,0.0,0.0
Pm148,226.42009635844937,0.00671439021674069,1.1426097282804507e-06,6.028234901353742e-06,8.039238632632745e-06,0.0,0.0
Pm148_m1,2108.0860683516107,0.003312925386167717,1.625055074044487e-06,1.444766544533202e-06,1.6118137872324622e-06,0.0,0.0
Pm149,146.83689300875153,0.0021187175884694927,5.160140223003461e-07,9.796739386653082e-07,1.2172794922580236e-05,0.0,0.0
Pm151,87.86153944297557,0.001369567599095215,4.934105749242815e-07,1.1132885580654757e-07,6.027668993634831e-06,0.0,0.0
Sm144,0.19847653343634566,0.00011788348948099123,5.003561662276666e-05,3.9720856463575705e-05,5.728821011782787e-10,0.0,0.0
Sm147,25.359868153323553,0.0020023364084319783,4.817374104465615e-06,0.00026985164571294274,6.231801210682513e-07,0.0,0.0
Sm148,1.354962229761555,0.000984644289094968,5.645652306056202e-07,1.2789319311104957e-05,5.742085043899846e-07,0.0,0.0
Sm149,6096.459628699688,0.003641679396255464,1.3629767946276866e-06,0.006105705098113846,1.7063571890701618e-06,0.0,0.0
Sm150,11.796094610708039,0.0011797955455940924,5.603589164304078e-07,1.409382321515828e-06,2.716234901608054e-06,0.0,0.0
Sm151,911.445270663141,0.007041866079550779,1.0729274011809679e-06,2.4256877258335085e-06,4.147270348872804e-06,0.0,0.0
Sm152,93.34778905882668,0.0010557200387754928,3.257708894337181e-07,2.389208383505473e-07,2.920021400651907e-06,0.0,0.0
Sm153,160.04320387080494,0.006532953351101192,1.1659481387027621e-06,5.829855615653411e-07,3.4176332977309895e-06,0.0,0.0
Sm154,1.760687325535228,0.0014166575373130916,1.7439023085288764e-07,6.680069168429097e-08,3.985129332028722e-06,0.0,0.0
Eu151,799.310966840046,0.0008971426555863248,6.8362387258410695e-06,5.3746902855510125e-06,1.8200791738133997e-06,0.0,0.0
Eu152,759.8914312374737,0.002926417957487969,3.434221445230735e-06,3.1025873280873993e-06,3.3857276732264974e-06,0.0,0.0
Eu153,62.491884086720034,0.000627016566048532,4.674036758468672e-06,1.9716201760658067e-06,1.4291214012414417e-06,0.0,0.0
Eu154,208.08479203043723,0.004676059376172712,1.3714155324813103e-05,3.1129190102992983e-06,1.3664397166694836e-06,0.0,0.0
Eu155,788.0861025166139,0.0009674022937229608,8.193592343743694e-06,5.097761554018787e-06,2.6116044344557168e-06,0.0,0.0
Eu156,55.142484126251524,0.004167377436138584,3.181918636469948e-07,1.5468313731091382e-07,2.633347974016443e-06,0.0,0.0
Eu157,27.756893257475724,0.002713893604886708,3.5382748155394087e-07,8.011803553944765e-08,5.915119794605983e-06,0.0,0.0
Gd152,66.4725733432727,0.0006498431973017579,1.1671830627417457e-06,0.000945415620187772,1.0479029063295734e-06,0.0,0.0
Gd153,968.9808707778169,0.0022899840454527125,4.0238386463162695e-06,0.0014614202641852823,7.868403739260506e-07,0.0,0.0
Gd154,12.6323301710502,0.0005651545971752337,6.264519458114352e-07,8.215189665177746e-07,7.604287422586758e-07,0.0,0.0
Gd155,3044.521027095336,0.0026102535136320465,1.142153230132691e-06,4.021709124153549e-06,1.454836516769924e-06,0.0,0.0
Gd156,3.3126572001198817,0.0007459795104005651,3.6097111535783537e-07,3.867215008100562e-07,1.5877663926999073e-06,0.0,0.0
Gd157,12882.375920454953,0.0033676353878844046,4.98722223129265e-07,2.3166615880368126e-05,1.4938015554584765e-06,0.0,0.0
Gd158,2.149617135266152,0.0011906013859362544,1.7356665623955397e-07,2.203636662109237e-07,1.267870315739921e-06,0.0,0.0
Gd160,0.3728073062719639,0.001954464738849068,7.974841861327274e-08,1.2093529825293948e-07,4.911825643955343e-06,0.0,0.0
Tb159,13.529152182436999,0.0012340124214106003,7.234307956657717e-07,4.1220007432922985e-07,2.981765727817164e-06,0.0,0.0
Tb160,119.80345639040786,0.004591552587846715,2.0857139521182585e-06,6.909222246266256e-07,1.9893162435497027e-06,0.0,0.0
Dy156,29.06056564412085,0.00037811548067708087,5.694190363603676e-06,1.1822073909591629e-05,1.424785057011973e-07,0.0,0.0
Dy158,9.290491075291317,0.000586537633257617,2.9546186982308265e-06,2.2740812058986662e-06,1.324698811163783e-07,0.0,0.0
Dy160,31.98998957350842,0.000928228512092195,1.0568852589915311e-06,6.86073082960632e-07,7.769307210075683e-07,0.0,0.0
Dy161,71.41434434728501,0.0039675065656734135,1.4100023018609137e-06,8.426765209644212e-07,1.4173015666566806e-06,0.0,0.0
Dy162,79.92914871855821,0.001460486369967764,3.9513763493929175e-07,2.3368615376284017e-07,1.959489092769501e-06,0.0,0.0
Dy163,49.718459664129185,0.005089149774986363,4.4171062536502127e-07,3.045857487646303e-07,2.859665432178694e-06,0.0,0.0
Dy164,196.529200253714,0.0021685665731215435,1.6033741387801413e-07,8.761226817333666e-08,3.924776613340945e-06,0.0,0.0
Ho165,23.402570824129867,0.001288958798300361,0.0,0.0,1.7256658190206893e-06,0.0,0.0
Ho166_m1,743.1280950594454,0.006001341072061502,1.1785474458570272e-06,2.820349735343246e-07,2.6472001555008583e-06,0.0,0.0
Er162,13.502239103773219,0.00031522434656273046,3.7732211752748296e-06,5.725687066203389e-06,9.633716458993453e-08,0.0,0.0
Er164,6.126757585979979,0.000642317073775276,2.16262621537598e-06,1.7168755688334384e-06,4.938401313436056e-07,0.0,0.0
Er166,4.1847565074342,0.00094269490597659,1.035251006316254e-06,4.567452711073089e-07,1.1494732630077756e-06,0.0,0.0
Er167,199.05536173470026,0.004647012803356226,1.3431356837789966e-06,1.4686352034793998e-06,1.2935645625936437e-06,0.0,0.0
Er168,1.3206899147496443,0.0019233643490093684,5.072847377463401e-07,9.288336861731848e-08,3.1211335558514853e-06,0.0,0.0
Er170,1.953887780344292,0.0030167244793359396,2.0460197764050584e-07,2.5105675669548723e-08,9.362076920944142e-06,0.0,0.0
Tm168,43.27361691616983,0.0037969754973894067,5.4348565538079285e-06,0.0018603180551358808,6.497946883709279e-07,0.0,0.0
Tm169,50.2896967458232,0.0013149289287496934,9.863656780591805e-07,1.3054709733278402e-06,1.211739532983359e-06,0.0,0.0
Tm170,14.927510851441282,0.0050245228370419375,4.810383961092385e-07,1.039178872010316e-05,1.965347394868963e-06,0.0,0.0
Lu175,18.29224508612124,0.0018143475677174857,0.00018398533445202254,9.754630971438469e-08,9.049158550398455e-06,0.0,0.0
Lu176,445.38053200830154,0.006201988376604335,0.00018398533730617614,9.754631018930618e-08,1.0741562194970249e-05,0.0,0.0
Hf174,51.57685823262303,0.0009472007585250644,0.0,0.0,8.129824289327741e-07,0.0,0.0
Hf176,20.184736678880903,0.001450385740837943,5.361640420048155e-07,5.491428018704118e-07,1.157863709974824e-06,0.0,0.0
Hf177,207.76321582487012,0.004385600343848978,6.006460908829565e-07,1.2535490099343118e-06,2.362430119983295e-06,0.0,0.0
Hf178,54.767963836959076,0.002084837050779856,1.2015908112224357e-07,8.487138637141907e-08,3.89580770405563e-06,0.0,0.0
Hf179,16.253609949260255,0.00594858233708339,3.188183772371177e-07,3.0348789215415063e-07,5.1239691645660255e-06,0.0,0.0
Hf180,1.8636595988804758,0.0019664681438275257,4.9465564468467666e-08,2.7100491463312155e-08,4.543586703458776e-06,0.0,0.0
Ta180,144.42932505089448,0.00432433942985,1.0463573980171323e-05,1.0074138365125573e-06,2.699378283285649e-06,0.0,0.0
Ta181,21.165900187435902,0.002173879991197756,1.048647942289315e-06,2.8464750078710413e-07,3.204008109812815e-06,0.0,0.0
Ta182,1635.7052165664184,0.005243705187332927,0.0,1.9912319030068092e-07,1.5033997192106141e-05,0.0,0.0
W180,9.301896297473704,0.000967533913877372,1.0970361018004826e-06,2.956245419647158e-06,6.803235355253203e-07,0.0,0.0
W182,13.526174908976753,0.0013421134316469133,3.7967608035964706e-07,2.6301635142416475e-07,1.420065595766968e-06,0.0,0.0
W183,10.7692304640386,0.005431827751863054,5.311727615622209e-07,3.9410587679469097e-07,2.6479463909702737e-06,0.0,0.0
W184,0.6506953316517572,0.002349964434688663,2.3118785957784848e-07,1.2709419401104232e-07,4.107293149466577e-06,0.0,0.0
W186,15.058739213527364,0.0028279664482657074,9.885819500066867e-08,4.404366868315399e-08,7.862248407504787e-06,0.0,0.0
Re185,54.557140224389194,0.0016764304858376217,1.629949873699787e-06,3.8664497913410277e-07,2.269167997326826e-06,0.0,0.0
Re187,14.327013035138672,0.0023274001089661086,7.172008129924523e-07,8.80363295025346e-08,5.234791115748569e-06,0.0,0.0
Ir191,162.83798385993674,0.0013225053620979695,7.761570431131954e-07,2.374526360350219e-07,2.8928399332023854e-06,0.0,0.0
Ir193,46.16109700316193,0.0019077013981147637,2.5253863587153796e-07,1.7498994854878758e-06,3.2314599207233723e-06,0.0,0.0
Au197,45.5552105087278,0.0010865972146874583,4.839811909114815e-07,1.694581516782575e-07,1.3765453771153344e-06,0.0,0.0
Hg196,228.79167106591274,0.0007388340732174866,1.7809357861433575e-06,4.228406819046832e-06,3.216466107948034e-07,0.0,0.0
Hg198,2.2881410322370668,0.001170261088834071,9.622920208086526e-07,8.543469390562788e-08,5.934500447020046e-07,0.0,0.0
Hg199,164.3894433953381,0.00310772987516388,9.47457781134732e-07,4.912456684946245e-07,1.706761579482307e-06,0.0,0.0
Hg200,0.20122168198155566,0.0014838224097630647,3.8053598975243774e-07,1.996704272621149e-08,1.376486996447514e-06,0.0,0.0
Hg201,1.40227563844704,0.004880958854451597,3.188669927700189e-07,6.268784944661987e-08,3.1966945637714146e-06,0.0,0.0
Hg202,0.46728100278781787,0.0018051045265069336,1.199407171125538e-07,8.595052078316246e-09,2.865870501582042e-06,0.0,0.0
Hg204,0.13032895163665803,0.0018514902391397674,3.6683452221653206e-08,1.1062476442062353e-09,3.7958434955833915e-06,0.0,0.0
Tl203,2.0174184833943336,0.0012649112825801397,0.0,0.0,4.813322894017655e-07,0.0,0.0
Tl205,0.03769438510132429,0.0013238656552433672,0.0,0.0,5.48274395812551e-07,0.0,0.0
Pb204,0.11636575435613794,0.0009001742248619901,2.6199818442900776e-06,9.25866660826898e-07,3.7501030980077725e-07,0.0,0.0
Pb206,0.007220851932306774,0.0012428520472932613,7.308643023078388e-07,2.044279187359077e-07,7.484015105712539e-07,0.0,0.0
Pb207,0.06496466440600017,0.0026245702121950004,6.02788761140382e-07,3.038161627598733e-07,1.3227417126320701e-06,0.0,0.0
Pb208,0.0005560821302186036,0.0016447578140578163,2.9772867835146033e-08,3.0810848042926287e-07,1.2822816024159802e-06,0.0,0.0
Bi209,0.010375558847710423,0.0018548633975796344,1.7257057565907682e-06,2.292309139782328e-06,1.5634607566894822e-06,0.0,0.0
Ra223,20.71625150298575,0.023667176793150224,0.0,0.0,5.9789453042068303e-05,1.4937907988023677e-07,0.10348738515244382
Ra224,1.7702800066934803,0.008593146977359495,0.0,0.0,7.787731112223057e-05,1.5868289555487767e-08,0.0
Ra225,22.55843216214961,0.029877933625476534,0.0,0.0,9.140435601848884e-05,3.81600744469531e-07,0.0
Ra226,10.14677643796433,0.009282788881221696,0.0,0.0,0.0001067318956513748,8.282022548602624e-08,0.00011404283260374389
Ac225,37.34505776097754,0.005069342951932259,0.0,0.0,1.7577685376782666e-05,2.525787038060715e-13,0.011918510850952368
Ac226,111.75174663276285,0.014133249287286613,0.0,0.0,2.1562219170284597e-05,3.163170413236489e-09,0.4459805793293394
Ac227,86.20514101294991,0.005540978474125201,0.0,0.0,2.531733143605266e-05,1.8590010752277323e-10,0.004163370121227495
Th227,47.54617309000068,0.009494705419949767,0.0,0.0,7.3759032823369554e-06,7.795640890855389e-11,23.78685237813858
Th228,38.9367065906762,0.0026065819289067173,0.0,0.0,1.0950344940177194e-05,0.0,0.14641449519899685
Th229,42.213972015298054,0.011759528516237325,0.0,0.0,1.1290023063893113e-05,2.121421722908312e-09,10.699554458574019
Th230,30.194359749454712,0.004273854503165937,0.0,0.0,1.749647637946939e-05,2.5327223024233636e-12,0.07334818838877878
Th231,140.68191993861876,0.01500283157888403,0.0,0.0,2.3050838838076445e-05,1.0941990832073147e-08,12.103385765952652
Th232,2.9530166401930487,0.005922487513725353,4.625202889619956e-08,6.289449209767104e-08,3.750358227540352e-05,0.0,0.025990803910955994
Th233,111.24839157300896,0.02329454216077565,0.0,0.0,4.282225040697734e-05,5.787676646157308e-08,4.129881306065793
Th234,1.0293541668070616,0.008330606148798056,0.0,0.0,6.082775854493964e-05,9.045205727720947e-09,0.01210819750413806
Pa229,62.981163694468414,0.0005233263821133727,0.0,0.0,9.576952632685008e-07,0.0,1.4653292817133985
Pa230,37.054671343710176,0.00228823835770883,0.0,0.0,7.187624659527289e-07,9.152320587349856e-13,146.85502006651083
Pa231,53.16329632048859,0.0016500133129067264,4.942344635660493e-07,0.0,3.8696593897266115e-06,0.0,0.301171845888306
Pa232,48.316523465577255,0.007296626579225649,0.0,0.0,3.0110660329426404e-06,1.0585041922109984e-10,160.2484896022882
Pa233,25.198030241293147,0.004367578174500575,2.5022337505483166e-07,0.0,2.532191467320913e-05,0.0,0.08249935438482549
U230,18.521653819996537,5.054419303181684e-05,0.0,0.0,1.1270559797151423e-07,0.0,15.834021430639996
U231,9.284968246073817,0.000727925677440862,0.0,0.0,4.445489657697655e-08,0.0,68.82025734992065
U232,9.201615257380166,0.0002708735320944604,0.0,0.0,5.783860854849413e-07,0.0,15.359013306264028
U233,7.358091610552372,0.001256902568401659,0.0,0.0,3.962157337954861e-08,1.5300567424422123e-12,60.352651744244575
U237,59.31168351019905,0.014495291639081852,0.0,0.0,1.0643629991447291e-05,9.350665427859552e-09,1.6168011901775405
U239,9.907903532693604,0.02319499116872408,0.0,0.0,3.0332208667898126e-05,6.574999978435504e-08,6.393596074800271
U240,35.048473820389674,0.007169012080432697,0.0,0.0,7.020678053602135e-05,2.866212834518401e-08,0.07151910547221517
U241,42.49358894242491,0.028456443516002093,0.0,0.0,6.767295764768455e-05,3.270251141726826e-07,0.21361301926158874
Np234,9.898572792050793,0.0005140844388459657,0.0,0.0,7.952936791334837e-10,0.0,180.67579622248977
Np235,44.30395777932629,0.0002411745642058791,0.0,0.0,1.831323281776238e-07,0.0,16.770867292606855
Np236,13.266036242075629,0.001103637745758173,0.0,0.0,2.0021600386931784e-07,1.2584761867376974e-13,249.76554921441607
Np237,36.33704143521518,0.0008900203950794955,0.0,0.0,1.5836726859844555e-06,1.9254201155664848e-13,0.5468639576644454
Np238,36.67807794870329,0.004667608931471241,0.0,0.0,2.2231389683282586e-06,1.528225392001858e-10,197.88864899895137
Np239,30.806765318747686,0.0032386004768400413,0.0,0.0,1.0855646272798796e-05,3.314323568210806e-11,0.21059216027243802
Pu236,8.329184362213757,9.29397991525973e-05,0.0,0.0,1.4839723674373225e-08,0.0,35.234304155418435
Pu237,18.06778470397433,0.0004623985408702741,0.0,0.0,2.5630293523337512e-08,0.0,206.0842220155905
Pu238,27.883504999906226,0.00012405262960446214,0.0,0.0,4.427999359572605e-07,0.0,2.5032139323050773
Pu239,54.118557547693555,0.0012715451275030802,0.0,0.0,2.1737400232836464e-06,7.48105799225096e-11,102.84352798170661
Pu240,241.8190054444958,0.001159867673831305,0.0,0.0,2.3567928649321487e-06,1.1986888761212837e-12,0.6039592046137862
Pu241,39.829314979686565,0.007585974297399233,0.0,0.0,9.68994797460031e-06,0.0,110.75417855871927
Pu242,31.382165672430222,0.0022294102675363757,0.0,0.0,7.895364222854145e-06,1.0571527404444415e-10,0.4496212646673401
Pu243,13.297753261743257,0.01879533898131063,0.0,0.0,0.00010833457930976898,1.2276473817742166e-06,27.38712250464494
Pu244,1.4967492429870382,0.004392106694031064,0.0,0.0,1.8347166535274136e-05,2.448740171388299e-09,0.39533987618818067
Pu246,7.806589872190082,0.007833478066329114,0.0,0.0,4.29206728086308e-05,1.455710518011976e-08,0.2064414066550855
Am240,26.71687236818747,0.00030915471469305486,0.0,0.0,2.5844129394739338e-08,0.0,143.32783066591637
Am241,127.19082683213938,0.00037938651122381323,0.0,0.0,1.6106625502937961e-06,7.547393075300736e-15,1.1532998665276355
Am242,24.24318399789818,0.002134524117162015,0.0,0.0,7.534103248935058e-08,0.0,216.3032530941373
Am242_m1,121.15445042674423,0.0018436909467609373,0.0,0.0,7.778229019202168e-08,0.0,632.7883862312246
Am243,60.62484414000102,0.0006371111794053407,0.0,0.0,2.0584234953687603e-06,1.3064413316989632e-12,0.4493904420760871
Am244,55.901298370711935,0.008426103119319371,0.0,0.0,2.0614869626611962e-05,4.3629965704992424e-08,218.16977209506473
Am244_m1,46.51936208208842,0.008425783366375788,0.0,0.0,2.0614869626611962e-05,4.3629965704992424e-08,185.41376655769622
Cm240,11.352819887714073,2.5910301038949825e-05,0.0,0.0,2.567384820840242e-09,0.0,7.755784823868862
Cm241,16.969516401383913,0.0007517400954226974,0.0,0.0,9.658895698903248e-09,0.0,97.56418220450604
Cm242,5.237727091426337,0.00032416346703103237,0.0,0.0,4.160771566693518e-08,0.0,1.4392557169686486
Cm243,14.535631138694729,0.0012591675333238784,0.0,0.0,3.040841526084489e-07,0.0,86.66809304103819
Cm244,17.634177098113035,0.000766088852740849,0.0,0.0,1.0300877373836146e-06,0.0,0.9560696266841467
Cm245,22.932148024689937,0.002840743095538691,0.0,0.0,1.1605776618171095e-06,6.421789326624314e-11,145.5461738918374
Cm246,3.233376047086257,0.0019680911463179815,0.0,0.0,3.410158545872888e-06,0.0,0.5628881828688944
Cm247,17.69229680830945,0.005046281205853911,0.0,0.0,4.224734011110134e-06,1.0480877486084952e-09,32.99099679660451
Cm248,7.060209819386905,0.0032586638352892234,0.0,0.0,1.1466261166436943e-05,4.2087123296219753e-10,0.55658863641168
Cm249,1.5876940786813702,0.012749980691240457,0.0,0.0,1.825052855668014e-05,2.451621100879242e-08,12.51006736065142
Cm250,27.661984497760965,0.007943494974997323,0.0,0.0,4.278481331377923e-05,8.801646951375098e-09,0.2508265499587146
Bk245,107.80193112194216,0.00047311060335749775,0.0,0.0,5.54021309095724e-08,0.0,0.6526322373133444
Bk246,60.26871361801484,0.0018699103815638441,0.0,0.0,1.8795250943620988e-07,9.48513602507378e-15,157.45461533771203
Bk247,96.5384790988297,0.0014011508457392099,0.0,0.0,9.887859965719819e-07,7.226843637011598e-24,0.6324838807021168
Bk248,74.51156677300624,0.0032746370904778574,0.0,0.0,8.750105295675193e-07,1.8476050453841294e-11,174.26599592120863
Bk249,242.23111520268284,0.0009747421119266945,0.0,0.0,1.7572336847407192e-06,1.597765467609188e-12,1.714127680274737
Bk250,71.84774986306124,0.012662327740775928,0.0,0.0,4.475372543847828e-06,2.450242117692811e-09,90.65458691160472
Cf246,145.69509972887968,9.016387528709337e-05,0.0,0.0,8.060315990197392e-08,0.0,120.79346108616494
Cf248,145.34106859786297,0.0005456362858040356,0.0,0.0,5.025616263506212e-07,0.0,60.61981599245547
Cf249,54.30004504457914,0.002560135954939301,0.0,0.0,7.995395864573379e-07,4.622168274370618e-12,176.79337450152732
Cf250,499.55245079342916,0.0008615252707777848,0.0,0.0,1.4659046249333347e-06,7.095778749722118e-14,10.47775439347745
Cf251,345.4884957406718,0.006568721015721553,0.0,0.0,1.8873352792394849e-06,3.600980634029933e-10,599.7458960037227
Cf252,2.4850431321065574,0.0016174135775188683,0.0,0.0,5.845754268717686e-06,7.856125168716739e-11,6.043322545629049
Cf253,18.690175676243914,0.0044328415125902895,0.0,0.0,7.807403223719984e-06,1.1100860883162115e-08,122.60558315482247
Cf254,1.3739055811045084,0.0036197618219578546,0.0,0.0,6.475065795886492e-06,1.6834612989800775e-09,3.5490033385834656
Es251,48.77550916622342,0.00032663741930455024,0.0,0.0,1.262853193288634e-07,0.0,4.203638517590445
Es252,20.603031244236846,0.005575666876468487,0.0,0.0,5.288515966287918e-07,4.576552574214033e-12,207.5384960047069
Es253,118.49528600845451,0.0014011303993290718,0.0,0.0,7.1400854009630595e-06,2.763833602014872e-12,0.588413381296354
Es254,20.15398138855485,0.006821286257451553,0.0,0.0,3.716708428375556e-06,4.581926384655969e-09,189.11048519158317
Es254_m1,23.88143569657462,0.009467991157868417,0.0,0.0,4.909993591652644e-06,7.366655544559894e-09,191.26200599094977
Es255,55.81748572840574,0.003111160683956302,0.0,0.0,1.804532029370927e-05,6.039929731708005e-10,0.2934737945257694
Fm255,23.18326533303698,0.005545985857347753,0.0,0.0,3.4478263103262807e-06,6.008196817217947e-10,289.7653363295992
